{"Packages":[{"Package":{"Id":"UiPath.Cognitive.Activities","Version":"2.1.6863.31992"},"Assemblies":["C:\\Users\\B0000134\\.nuget\\packages\\newtonsoft.json/10.0.3\\lib/net45/Newtonsoft.Json.dll","C:\\Users\\B0000134\\.nuget\\packages\\uipath.cognitive.activities/2.1.6863.31992\\lib/net45/UiPath.Cognitive.Activities.Design.dll","C:\\Users\\B0000134\\.nuget\\packages\\uipath.cognitive.activities/2.1.6863.31992\\lib/net45/UiPath.Cognitive.Activities.dll","C:\\Users\\B0000134\\.nuget\\packages\\uipath.cognitive.activities/2.1.6863.31992\\lib/net45/UiPath.Cognitive.dll"]},{"Package":{"Id":"UiPath.Excel.Activities","Version":"2.4.6884.25683"},"Assemblies":["C:\\Users\\B0000134\\.nuget\\packages\\closedxml/0.87.1\\lib/net40/ClosedXML.dll","C:\\Users\\B0000134\\.nuget\\packages\\csvhelper/2.13.5\\lib/net40-client/CsvHelper.dll","C:\\Users\\B0000134\\.nuget\\packages\\documentformat.openxml/2.5.0\\lib/DocumentFormat.OpenXml.dll","C:\\Users\\B0000134\\.nuget\\packages\\microsoft.visualstudio.ole.interop/7.10.6071\\lib/Microsoft.VisualStudio.OLE.Interop.dll","C:\\Users\\B0000134\\.nuget\\packages\\npoi/2.2.1\\lib/net40/NPOI.OOXML.dll","C:\\Users\\B0000134\\.nuget\\packages\\npoi/2.2.1\\lib/net40/NPOI.OpenXml4Net.dll","C:\\Users\\B0000134\\.nuget\\packages\\npoi/2.2.1\\lib/net40/NPOI.OpenXmlFormats.dll","C:\\Users\\B0000134\\.nuget\\packages\\npoi/2.2.1\\lib/net40/NPOI.dll","C:\\Users\\B0000134\\.nuget\\packages\\sharpziplib/0.86.0\\lib/20/ICSharpCode.SharpZipLib.dll","C:\\Users\\B0000134\\.nuget\\packages\\uipath.excel.activities/2.4.6884.25683\\lib/net452/UiPath.Excel.Activities.Design.dll","C:\\Users\\B0000134\\.nuget\\packages\\uipath.excel.activities/2.4.6884.25683\\lib/net452/UiPath.Excel.Activities.dll","C:\\Users\\B0000134\\.nuget\\packages\\uipath.excel.activities/2.4.6884.25683\\lib/net452/UiPath.Excel.dll"]},{"Package":{"Id":"UiPath.IntelligentOCR.Activities","Version":"1.1.6863.32845"},"Assemblies":["C:\\Users\\B0000134\\.nuget\\packages\\uipath.intelligentocr.activities/1.1.6863.32845\\lib/net452/FCEngine.VisualComponents.dll","C:\\Users\\B0000134\\.nuget\\packages\\uipath.intelligentocr.activities/1.1.6863.32845\\lib/net452/Interop.FCEngine.dll","C:\\Users\\B0000134\\.nuget\\packages\\uipath.intelligentocr.activities/1.1.6863.32845\\lib/net452/UiPath.IntelligentOCR.Activities.Design.dll","C:\\Users\\B0000134\\.nuget\\packages\\uipath.intelligentocr.activities/1.1.6863.32845\\lib/net452/UiPath.IntelligentOCR.Activities.dll","C:\\Users\\B0000134\\.nuget\\packages\\uipath.intelligentocr.activities/1.1.6863.32845\\lib/net452/UiPath.IntelligentOCR.dll"]},{"Package":{"Id":"UiPath.Mail.Activities","Version":"1.2.6863.29868"},"Assemblies":["C:\\Users\\B0000134\\.nuget\\packages\\bouncycastle/1.8.1\\lib/BouncyCastle.Crypto.dll","C:\\Users\\B0000134\\.nuget\\packages\\microsoft.exchange.webservices/2.2.0\\lib/40/Microsoft.Exchange.WebServices.Auth.dll","C:\\Users\\B0000134\\.nuget\\packages\\microsoft.exchange.webservices/2.2.0\\lib/40/Microsoft.Exchange.WebServices.dll","C:\\Users\\B0000134\\.nuget\\packages\\uipath.mail.activities/1.2.6863.29868\\lib/net40/MailKit.dll","C:\\Users\\B0000134\\.nuget\\packages\\uipath.mail.activities/1.2.6863.29868\\lib/net40/MimeKit.dll","C:\\Users\\B0000134\\.nuget\\packages\\uipath.mail.activities/1.2.6863.29868\\lib/net40/UiPath.Mail.Activities.Design.dll","C:\\Users\\B0000134\\.nuget\\packages\\uipath.mail.activities/1.2.6863.29868\\lib/net40/UiPath.Mail.Activities.dll","C:\\Users\\B0000134\\.nuget\\packages\\uipath.mail.activities/1.2.6863.29868\\lib/net40/UiPath.Mail.dll"]},{"Package":{"Id":"UiPath.PDF.Activities","Version":"1.2.6863.34697"},"Assemblies":["C:\\Users\\B0000134\\.nuget\\packages\\uipath.pdf.activities/1.2.6863.34697\\lib/net40-Client/UiPath.PDF.Activities.Design.dll","C:\\Users\\B0000134\\.nuget\\packages\\uipath.pdf.activities/1.2.6863.34697\\lib/net40-Client/UiPath.PDF.Activities.dll","C:\\Users\\B0000134\\.nuget\\packages\\uipath.pdf.activities/1.2.6863.34697\\lib/net40-Client/UiPath.PDF.dll","C:\\Users\\B0000134\\.nuget\\packages\\uipath.pdf.activities/1.2.6863.34697\\lib/net40-Client/x86/pdfium.dll"]},{"Package":{"Id":"UiPath.System.Activities","Version":"18.4.1"},"Assemblies":["C:\\Users\\B0000134\\.nuget\\packages\\csvhelper/2.13.5\\lib/net40-client/CsvHelper.dll","C:\\Users\\B0000134\\.nuget\\packages\\microsoft.rest.clientruntime/2.3.10\\lib/net452/Microsoft.Rest.ClientRuntime.dll","C:\\Users\\B0000134\\.nuget\\packages\\newtonsoft.json/10.0.3\\lib/net45/Newtonsoft.Json.dll","C:\\Users\\B0000134\\.nuget\\packages\\uipath.system.activities/18.4.1\\lib/net461/ActiproSoftware.Docking.Wpf.dll","C:\\Users\\B0000134\\.nuget\\packages\\uipath.system.activities/18.4.1\\lib/net461/ActiproSoftware.Ribbon.Wpf.dll","C:\\Users\\B0000134\\.nuget\\packages\\uipath.system.activities/18.4.1\\lib/net461/ActiproSoftware.Shared.Wpf.dll","C:\\Users\\B0000134\\.nuget\\packages\\uipath.system.activities/18.4.1\\lib/net461/ActiproSoftware.SyntaxEditor.Addons.DotNet.Wpf.dll","C:\\Users\\B0000134\\.nuget\\packages\\uipath.system.activities/18.4.1\\lib/net461/ActiproSoftware.SyntaxEditor.Wpf.dll","C:\\Users\\B0000134\\.nuget\\packages\\uipath.system.activities/18.4.1\\lib/net461/ActiproSoftware.Text.Addons.DotNet.Wpf.dll","C:\\Users\\B0000134\\.nuget\\packages\\uipath.system.activities/18.4.1\\lib/net461/ActiproSoftware.Text.LLParser.Wpf.dll","C:\\Users\\B0000134\\.nuget\\packages\\uipath.system.activities/18.4.1\\lib/net461/ActiproSoftware.Text.Wpf.dll","C:\\Users\\B0000134\\.nuget\\packages\\uipath.system.activities/18.4.1\\lib/net461/ActiproSoftware.Wizard.Wpf.dll","C:\\Users\\B0000134\\.nuget\\packages\\uipath.system.activities/18.4.1\\lib/net461/UiPath.OrchestratorClient.dll","C:\\Users\\B0000134\\.nuget\\packages\\uipath.system.activities/18.4.1\\lib/net461/UiPath.System.Activities.Design.dll","C:\\Users\\B0000134\\.nuget\\packages\\uipath.system.activities/18.4.1\\lib/net461/UiPath.System.Activities.dll"]},{"Package":{"Id":"UiPath.Terminal.Activities","Version":"1.2.6863.33681"},"Assemblies":["C:\\Users\\B0000134\\.nuget\\packages\\fluent.ribbon/3.5.1.198\\lib/net45/Fluent.dll","C:\\Users\\B0000134\\.nuget\\packages\\fluent.ribbon/3.5.1.198\\lib/net45/System.Windows.Interactivity.dll","C:\\Users\\B0000134\\.nuget\\packages\\uipath.terminal.activities/1.2.6863.33681\\lib/net45/NLog.dll","C:\\Users\\B0000134\\.nuget\\packages\\uipath.terminal.activities/1.2.6863.33681\\lib/net45/Open3270.dll","C:\\Users\\B0000134\\.nuget\\packages\\uipath.terminal.activities/1.2.6863.33681\\lib/net45/UiPath.Terminal.Activities.Design.dll","C:\\Users\\B0000134\\.nuget\\packages\\uipath.terminal.activities/1.2.6863.33681\\lib/net45/UiPath.Terminal.Activities.dll","C:\\Users\\B0000134\\.nuget\\packages\\uipath.terminal.activities/1.2.6863.33681\\lib/net45/UiPath.Terminal.Attachmate.dll","C:\\Users\\B0000134\\.nuget\\packages\\uipath.terminal.activities/1.2.6863.33681\\lib/net45/UiPath.Terminal.AttachmateExtra.dll","C:\\Users\\B0000134\\.nuget\\packages\\uipath.terminal.activities/1.2.6863.33681\\lib/net45/UiPath.Terminal.BlueZone.dll","C:\\Users\\B0000134\\.nuget\\packages\\uipath.terminal.activities/1.2.6863.33681\\lib/net45/UiPath.Terminal.IBM.dll","C:\\Users\\B0000134\\.nuget\\packages\\uipath.terminal.activities/1.2.6863.33681\\lib/net45/UiPath.Terminal.dll"]},{"Package":{"Id":"UiPath.UIAutomation.Activities","Version":"18.4.2"},"Assemblies":["C:\\Users\\B0000134\\.nuget\\packages\\avalonedit/5.0.3\\lib/Net40/ICSharpCode.AvalonEdit.dll","C:\\Users\\B0000134\\.nuget\\packages\\caliburn.micro/3.0.1\\lib/net45/Caliburn.Micro.Platform.Core.dll","C:\\Users\\B0000134\\.nuget\\packages\\caliburn.micro/3.0.1\\lib/net45/Caliburn.Micro.Platform.dll","C:\\Users\\B0000134\\.nuget\\packages\\caliburn.micro/3.0.1\\lib/net45/System.Windows.Interactivity.dll","C:\\Users\\B0000134\\.nuget\\packages\\caliburn.micro.core/3.0.1\\lib/net45/Caliburn.Micro.dll","C:\\Users\\B0000134\\.nuget\\packages\\extended.wpf.toolkit/2.8.0\\lib/net40/Xceed.Wpf.AvalonDock.Themes.Aero.dll","C:\\Users\\B0000134\\.nuget\\packages\\extended.wpf.toolkit/2.8.0\\lib/net40/Xceed.Wpf.AvalonDock.Themes.Metro.dll","C:\\Users\\B0000134\\.nuget\\packages\\extended.wpf.toolkit/2.8.0\\lib/net40/Xceed.Wpf.AvalonDock.Themes.VS2010.dll","C:\\Users\\B0000134\\.nuget\\packages\\extended.wpf.toolkit/2.8.0\\lib/net40/Xceed.Wpf.AvalonDock.dll","C:\\Users\\B0000134\\.nuget\\packages\\extended.wpf.toolkit/2.8.0\\lib/net40/Xceed.Wpf.DataGrid.dll","C:\\Users\\B0000134\\.nuget\\packages\\extended.wpf.toolkit/2.8.0\\lib/net40/Xceed.Wpf.Toolkit.dll","C:\\Users\\B0000134\\.nuget\\packages\\humanizer.core/2.4.2\\lib/netstandard2.0/Humanizer.dll","C:\\Users\\B0000134\\.nuget\\packages\\uipath/10.0.6913.22031\\lib/UiPath.Interop.dll","C:\\Users\\B0000134\\.nuget\\packages\\uipath.uiautomation.activities/18.4.2\\lib/net461/ActiproSoftware.Docking.Wpf.dll","C:\\Users\\B0000134\\.nuget\\packages\\uipath.uiautomation.activities/18.4.2\\lib/net461/ActiproSoftware.Editors.Wpf.dll","C:\\Users\\B0000134\\.nuget\\packages\\uipath.uiautomation.activities/18.4.2\\lib/net461/ActiproSoftware.Ribbon.Wpf.dll","C:\\Users\\B0000134\\.nuget\\packages\\uipath.uiautomation.activities/18.4.2\\lib/net461/ActiproSoftware.Shared.Wpf.dll","C:\\Users\\B0000134\\.nuget\\packages\\uipath.uiautomation.activities/18.4.2\\lib/net461/ActiproSoftware.SyntaxEditor.Addons.DotNet.Wpf.dll","C:\\Users\\B0000134\\.nuget\\packages\\uipath.uiautomation.activities/18.4.2\\lib/net461/ActiproSoftware.SyntaxEditor.Wpf.dll","C:\\Users\\B0000134\\.nuget\\packages\\uipath.uiautomation.activities/18.4.2\\lib/net461/ActiproSoftware.Text.Addons.DotNet.Wpf.dll","C:\\Users\\B0000134\\.nuget\\packages\\uipath.uiautomation.activities/18.4.2\\lib/net461/ActiproSoftware.Text.LLParser.Wpf.dll","C:\\Users\\B0000134\\.nuget\\packages\\uipath.uiautomation.activities/18.4.2\\lib/net461/ActiproSoftware.Text.Wpf.dll","C:\\Users\\B0000134\\.nuget\\packages\\uipath.uiautomation.activities/18.4.2\\lib/net461/ActiproSoftware.Wizard.Wpf.dll","C:\\Users\\B0000134\\.nuget\\packages\\uipath.uiautomation.activities/18.4.2\\lib/net461/UiPath.UIAutomation.Activities.Design.dll","C:\\Users\\B0000134\\.nuget\\packages\\uipath.uiautomation.activities/18.4.2\\lib/net461/UiPath.UiAutomation.Activities.dll","C:\\Users\\B0000134\\.nuget\\packages\\uipath.uiautomation.activities/18.4.2\\lib/net461/UiPath.Wizards.dll","C:\\Users\\B0000134\\.nuget\\packages\\uipath.vision/1.2.0\\lib/net452/UiPath.NeuralNet.dll","C:\\Users\\B0000134\\.nuget\\packages\\uipath.vision/1.2.0\\lib/net452/UiPath.Vision.Core.dll","C:\\Users\\B0000134\\.nuget\\packages\\uipath.vision/1.2.0\\lib/net452/UiPath.Vision.dll","C:\\Users\\B0000134\\.nuget\\packages\\uipath.vision/1.2.0\\lib/net452/UiPath.Vision.Package.dll"]},{"Package":{"Id":"UiPath.WebAPI.Activities","Version":"1.2.6863.33980"},"Assemblies":["C:\\Users\\B0000134\\.nuget\\packages\\avalonedit/5.0.3\\lib/Net40/ICSharpCode.AvalonEdit.dll","C:\\Users\\B0000134\\.nuget\\packages\\newtonsoft.json/10.0.3\\lib/net45/Newtonsoft.Json.dll","C:\\Users\\B0000134\\.nuget\\packages\\restsharp/105.0.1\\lib/net4/RestSharp.dll","C:\\Users\\B0000134\\.nuget\\packages\\uipath.webapi.activities/1.2.6863.33980\\lib/net45/UiPath.Web.Activities.Design.dll","C:\\Users\\B0000134\\.nuget\\packages\\uipath.webapi.activities/1.2.6863.33980\\lib/net45/UiPath.Web.Activities.dll","C:\\Users\\B0000134\\.nuget\\packages\\uipath.webapi.activities/1.2.6863.33980\\lib/net45/UiPath.Web.dll"]},{"Package":{"Id":"UiPath.Word.Activities","Version":"1.2.6863.34260"},"Assemblies":["C:\\Users\\B0000134\\.nuget\\packages\\docx/1.0.0.18\\lib/net40/DocX.dll","C:\\Users\\B0000134\\.nuget\\packages\\uipath.word.activities/1.2.6863.34260\\lib/net40-Client/UiPath.Word.Activities.Design.dll","C:\\Users\\B0000134\\.nuget\\packages\\uipath.word.activities/1.2.6863.34260\\lib/net40-Client/UiPath.Word.Activities.dll","C:\\Users\\B0000134\\.nuget\\packages\\uipath.word.activities/1.2.6863.34260\\lib/net40-Client/UiPath.Word.dll"]},{"Package":{"Id":"Custom.CyberArk.GetAccountDetail","Version":"1.0.3.2"},"Assemblies":["C:\\Users\\B0000134\\.nuget\\packages\\custom.cyberark.getaccountdetail/1.0.3.2\\lib/Custom.CyberArk.GetAccountDetail.dll","C:\\Users\\B0000134\\.nuget\\packages\\custom.cyberark.getaccountdetail/1.0.3.2\\lib/Newtonsoft.Json.dll"]},{"Package":{"Id":"UiPath.Credentials.Activities","Version":"1.1.6479.13204"},"Assemblies":["C:\\Users\\B0000134\\.nuget\\packages\\credentialmanagement/1.0.2\\lib/net35/CredentialManagement.dll","C:\\Users\\B0000134\\.nuget\\packages\\uipath.credentials.activities/1.1.6479.13204\\lib/net40-client/UiPath.Credentials.Activities.dll"]}],"Conflicts":[]}